driverId,name,ssn,location,certified,wage-plan
10,Javier Atkinson,485-40-7603,"2743 William Common Suite 424
New Melissastad, OK 07150",N,hours
11,Casey Carter,351-97-4895,"9450 Schmidt Roads
East Kathrynhaven, VT 87027",Y,miles
12,Beverly Wang,787-14-0418,"427 Anthony Islands
New Ronnie, RI 92546",Y,hours
13,Erika Jordan,038-84-7308,"58425 Rivera Street
Cherylville, NC 43366",N,hours
14,Cheryl Wiggins,461-57-4951,"50767 Joy Lakes Apt. 657
Andersonshire, MT 49894",N,miles
15,Kyle Ross,369-26-7373,"2863 Simpson Oval Suite 839
New Robertfort, OK 15036",Y,hours
16,Calvin Knox,050-90-2817,"312 Anderson Mission Suite 691
Lake Shaneton, HI 86610",N,hours
17,Jenny Walls,519-81-6865,"334 Day Branch
Lake Elizabethstad, MD 46569",N,hours
18,Tiffany Charles,534-90-4766,"1233 Andrew Club Apt. 739
Courtneyshire, WY 57622",N,hours
19,Stephanie Wright,857-76-9503,"5981 Morales Streets Apt. 876
Port Anthony, KY 29249",N,miles
20,Brenda Rodriguez,493-45-0849,"5654 Erica Manors
South Jenniferton, MA 74658",N,miles
21,Crystal Washington,545-95-1395,"840 Blake Groves
Crawfordbury, UT 03693",N,hours
22,Randall Gregory,032-56-4344,"7212 Edward Rapids Suite 828
South Diana, MS 88785",N,miles
23,Stephanie Green,449-57-9566,"537 Thompson Run Apt. 252
Frazierport, RI 60288",Y,miles
24,Joseph White,615-67-3151,"81078 Jeffrey Ridges
West Michael, TN 82260",Y,hours
25,Meredith Wilson,242-19-4646,"349 Claudia Lodge
Ballstad, MN 56419",Y,hours
26,Henry Briggs,758-08-5452,"USS Perez
FPO AP 62882",Y,miles
27,Janet Cooper,117-67-6666,"70078 Malone Expressway
Nicholasborough, MD 91456",Y,miles
28,Danielle Brown,595-47-9533,"2397 Randall Mountains
Bradfordchester, PA 81907",N,miles
29,Suzanne Blake,835-28-8157,"111 Mccall Lake Apt. 376
Lake Andrew, AL 75161",N,hours
30,Timothy Rodriguez,206-14-0379,"372 Loretta Hills Suite 824
Leahbury, MS 66403",Y,hours
31,Nicholas Reynolds,137-60-7493,"Unit 4067 Box 8398
DPO AE 53826",Y,hours
32,David Scott,625-92-6814,"2785 Alexander Island Suite 852
Lake Joe, HI 75925",N,miles
33,Matthew Morris,860-43-6690,"3816 Weeks Squares
Port Rebeccashire, NM 10744",N,hours
34,Emily Delgado,860-67-1642,"3648 Danny Club Suite 674
Jenniferberg, VT 88552",Y,miles
35,Joseph Myers,201-23-8312,"1062 Pamela Shoals
Derrickborough, NV 76182",N,hours
36,Beth Moore,752-83-3104,"423 Steven Pass Suite 318
Lake Charles, TX 91460",N,hours
37,David Johnson,086-38-0393,"825 Payne Lake Suite 516
Kaitlinmouth, TX 50586",N,hours
38,Manuel Wright,782-18-8888,"Unit 7162 Box 5899
DPO AE 47448",Y,miles
39,Evelyn Vasquez,303-08-9922,"0134 Clark Circle
West Deborahview, NY 35696",N,hours
40,Austin Peterson,893-43-0196,"32016 Case Branch
Rebeccamouth, PA 20687",Y,miles
41,Kathy King,467-32-2774,"8549 Wilson Spurs
Andradeshire, SD 55041",N,hours
42,Nancy Spencer,668-71-6038,"0055 Paul Ranch
Reedberg, GU 15915",N,hours
43,James Hayes,308-18-9580,"105 Hall Brooks Suite 667
Davistown, MP 75802",N,miles
44,Andre Gardner,109-10-5564,"7091 Lisa Brooks Apt. 093
Port Joyceberg, SD 42512",N,hours
45,Sandra Gomez,227-37-9586,"USNS Clark
FPO AP 44926",Y,miles
46,Brian Anderson,653-20-3752,"USNS Gamble
FPO AA 50948",Y,hours
47,Melissa Day,001-77-9099,"61414 Johnson Crossing Apt. 388
Samanthatown, SD 06329",N,miles
48,Benjamin Maxwell,782-38-8419,"Unit 4518 Box 8415
DPO AA 14754",Y,miles
49,Laura Sullivan,797-73-1784,"865 Jackson Plains Suite 074
North Catherine, LA 99589",N,hours
50,Emily Harrington,097-22-1129,"58145 Barnes Key
East Ryan, MO 21601",Y,hours
51,Elizabeth Steele,551-39-0770,"PSC 4034, Box 8607
APO AP 24833",N,hours
52,Karen Weaver,010-26-7038,"PSC 6101, Box 9132
APO AP 69389",Y,hours
53,Jaime King,868-81-7045,"6258 Boyd Place Apt. 993
South David, AZ 56094",Y,miles
54,David Bradley,011-51-0642,"15258 Norman Prairie
New Jason, GA 45335",Y,miles
55,Rachel Williams,493-75-2746,"3384 Lewis Bypass Apt. 476
New Caitlyntown, NE 67726",N,hours
56,Glenn Powers,845-74-7787,"0561 Edwards Glen Suite 427
Larastad, PA 47913",Y,miles
57,Sean Ritter,035-56-8942,"42745 Bender Crossroad Suite 489
Garciastad, OR 48661",N,hours
58,Alexis George,811-12-9163,"5779 Jeremiah Drives Apt. 982
Johnstonfurt, DE 33031",Y,hours
59,Christopher Gilbert,629-27-4011,"244 Joseph River
Stevenshire, GA 44282",Y,hours
60,Mark Moody,530-73-9944,"9260 Connie Way
Summerston, VT 67904",Y,miles
61,James Green,542-02-4612,"78952 Knight Island
Smithberg, MP 73075",Y,miles
62,Mark Allen,320-66-2456,"023 Rivas Mountain
Lake Michelleberg, DE 83369",N,hours
63,Jessica Sanchez,451-91-9316,"PSC 2059, Box 4827
APO AE 65168",N,miles
64,James Taylor,699-96-5144,"42288 Stephanie Pine Apt. 264
Lake Travischester, VI 96521",N,hours
65,Jose Stevenson,339-67-1356,"50944 Williams Highway
Port Frederick, GU 59734",N,miles
66,Alan White,402-11-1228,"233 Bradley Junction Apt. 135
Lake Aliciafurt, NV 40999",Y,hours
67,Diamond Guzman,359-94-1030,"4739 Morgan Land
Williamsfort, AK 61597",Y,hours
68,Kelsey Melton,052-45-0618,"77388 Brooks Way
Port Austinport, MI 54230",N,miles
69,Melissa Ruiz,667-54-7363,"9298 Murphy Ford Apt. 260
Beckerstad, NH 73884",N,miles
70,Ashley Harris,591-87-3016,"47620 Daniel Pines Suite 144
Watsonton, PA 14172",N,hours
71,Brandi Taylor,692-23-4787,"36105 Amber Streets Apt. 939
West Tina, NJ 59101",N,miles
72,Kyle Bonilla,327-53-0854,"56557 Smith Rest Suite 983
North Traceybury, OH 68368",Y,hours
73,Danny Johnson,721-30-6750,"345 Pierce Meadow
New Jeffreyview, NJ 22016",N,hours
74,Peter Holder,155-52-2475,"2093 Mckinney Flats
New Marystad, KY 76551",Y,miles
75,Grant Manning,311-76-6606,"193 Matthew Stravenue
Perryside, HI 69775",N,miles
76,Paige Little,072-76-3788,"298 Espinoza Prairie
South Brandon, MH 01714",Y,hours
77,Darlene Ayers,174-41-5954,"21644 Stacey Drives
Lake Ryanbury, OK 96400",N,miles
78,Justin Wallace,466-39-1403,"USNS Ford
FPO AP 49921",Y,miles
79,Benjamin Smith,537-58-2754,"5561 Gray Isle
East Lauraborough, ME 31970",Y,hours
80,Christina Watson,419-17-2042,"24658 Booker Fort Suite 798
Lake Margaretville, TN 10246",Y,hours
81,Gail Huynh,410-73-7265,"14509 Carla Forest Suite 797
North Joyce, RI 58230",N,hours
82,David Gonzalez,013-07-5706,"6244 Courtney Estate
Brucefurt, MA 13521",N,hours
83,Brandon Hawkins,524-48-3687,"47920 Kyle Inlet
East Benjamin, VI 13602",Y,miles
84,Joshua Robbins,366-69-8177,"77013 Fox Mount
Matthewsberg, AL 66298",Y,hours
85,Lauren Anderson,325-86-8720,"422 Michelle View Suite 379
West Kylestad, OH 64598",Y,miles
86,Rebecca Garza,476-19-9612,"9650 Fischer Extensions
Lake Michaelbury, MO 68225",N,hours
87,Tiffany Lawson,676-07-1607,"1973 Taylor Ramp Apt. 615
East Glendaburgh, AS 37590",N,miles
88,Chris Edwards,398-04-4529,"355 Shelby Loaf
North Sherry, MP 30434",N,hours
89,Kathleen Robertson,840-48-4918,"0056 Smith Key Apt. 743
South Dennisland, MT 79314",Y,miles
90,Mrs. Lauren Johnson DDS,260-41-1643,"7469 Maurice Brooks Apt. 685
Lake Michaelview, SD 26667",N,hours
91,Tammy Jensen,387-24-6892,"46562 William Fall
East Jason, AS 67080",Y,miles
92,Emily Perkins,349-91-1338,"6525 John Viaduct
Amyberg, TN 98280",N,hours
93,Jason Mendoza,550-38-8057,"23880 Paul Pass
Lake Ricardo, NJ 88723",N,miles
94,Daniel Espinoza,509-29-5609,"USNV Reeves
FPO AE 05841",Y,miles
95,Dawn Thompson,358-58-4628,"77033 Russell Crossing
North Nicole, FM 10889",Y,hours
96,David Clark,675-58-5987,"90910 Shawn Valley Suite 853
Christopherchester, AZ 76856",N,hours
97,Paul Bates,695-97-7329,"8843 Davis Estates Apt. 751
Kellymouth, WA 90574",Y,hours
98,Heather Cortez,277-75-4119,"USNV Butler
FPO AA 01608",N,hours
99,Laura Diaz,702-09-2600,"PSC 0199, Box 2440
APO AA 18904",N,hours
100,Dorothy Hall,018-09-8505,"370 Christensen Unions Apt. 475
Port Gregorychester, GA 62877",Y,hours
101,Susan Smith,674-99-3378,"270 Oneill Parkway Suite 490
Denisefurt, IL 20801",Y,miles
102,Michael Chavez,749-52-4219,"Unit 8007 Box 0557
DPO AP 51175",N,miles
103,Courtney Dawson,356-90-6629,"1712 Mccoy Rest
Deleonton, WY 08752",N,hours
104,Timothy Morris,875-67-9661,"0253 Hicks Run Suite 765
New Maria, KY 77048",Y,miles
105,Timothy Jackson,782-11-7403,"9169 Stephanie Station Apt. 452
Rodriguezport, GU 74831",N,miles
106,Joshua Jones,584-35-9023,"145 Garcia Run Suite 678
North Juanmouth, VA 37313",N,miles
107,Jonathan Clark,782-89-6607,"7211 Rodney River
Ronaldville, MN 52152",Y,miles
108,Matthew Walker,660-26-7908,"29119 Jimmy Gardens
Andrewmouth, TX 56289",Y,hours
109,Miranda Wilson,295-10-4513,"10304 Short Plaza
Kingborough, WI 19107",Y,hours
